<blocks app="Snap! 4.1, http://snap.berkeley.edu" version="1"><block-definition s="id %&apos;arg&apos;" type="reporter" category="operators"><header></header><code></code><inputs><input type="%n"></input></inputs><script><block s="doReport"><block var="arg"/></block></script></block-definition><block-definition s="if %&apos;test&apos; then %&apos;true&apos; else %&apos;false&apos;" type="reporter" category="control"><header></header><code></code><inputs><input type="%b"></input><input type="%anyUE"></input><input type="%anyUE"></input></inputs><script><block s="doIf"><block var="test"/><script><block s="doReport"><block s="evaluate"><block var="true"/><list></list></block></block></script></block><block s="doReport"><block s="evaluate"><block var="false"/><list></list></block></block></script></block-definition><block-definition s="-- %&apos;n&apos;" type="reporter" category="variables"><header></header><code></code><inputs><input type="%anyUE" readonly="true"></input></inputs><script><block s="doRun"><block s="reifyScript"><script><block s="doChangeVar"><l></l><l>-1</l></block></script><list></list></block><list><block var="n"/></list></block><block s="doReport"><block s="evaluate"><block var="n"/><list></list></block></block></script></block-definition><block-definition s="animate setter %&apos;setter&apos; getter %&apos;getter&apos; delta %&apos;delta&apos; over %&apos;duration&apos; secs easing %&apos;easing&apos;" type="command" category="control"><header></header><code></code><inputs><input type="%cmdRing"></input><input type="%repRing"></input><input type="%n">50</input><input type="%n">1</input><input type="%repRing"></input></inputs><script><block s="doDeclareVariables"><list><l>end time</l><l>destination</l></list></block><block s="doSetVar"><l>end time</l><block s="reportSum"><block s="reportDate"><l><option>time in milliseconds</option></l></block><block s="reportProduct"><block var="duration"/><l>1000</l></block></block></block><block s="doSetVar"><l>destination</l><block s="reportSum"><block s="evaluate"><block var="getter"/><list></list></block><block var="delta"/></block></block><block s="doUntil"><block s="reportGreaterThan"><block s="reportDate"><l><option>time in milliseconds</option></l></block><block var="end time"/></block><script><block s="doRun"><block var="setter"/><list><block s="reportDifference"><block var="destination"/><block s="reportProduct"><block var="delta"/><block s="evaluate"><block var="easing"/><list><block s="reportQuotient"><block s="reportDifference"><block var="end time"/><block s="reportDate"><l><option>time in milliseconds</option></l></block></block><block s="reportProduct"><block var="duration"/><l>1000</l></block></block></list></block></block></block></list></block></script></block><block s="doRun"><block var="setter"/><list><block var="destination"/></list></block></script></block-definition><block-definition s="%&apos;a&apos; raised to %&apos;b&apos;" type="reporter" category="operators"><header></header><code></code><inputs><input type="%n"></input><input type="%n"></input></inputs><script><block s="doReport"><block s="reportMonadic"><l><option>e^</option></l><block s="reportProduct"><block var="b"/><block s="reportMonadic"><l><option>ln</option></l><block var="a"/></block></block></block></block></script></block-definition><block-definition s="PI" type="reporter" category="operators"><header></header><code></code><inputs></inputs><script><block s="doReport"><l>3.141592653589793</l></block></script></block-definition><block-definition s="degrees %&apos;radians&apos;" type="reporter" category="operators"><header></header><code></code><inputs><input type="%n">0.5</input></inputs><script><block s="doReport"><block s="reportQuotient"><block s="reportProduct"><block var="radians"/><l>180</l></block><custom-block s="PI"></custom-block></block></block></script></block-definition><block-definition s="find first in %&apos;list&apos; such that %&apos;test&apos;" type="reporter" category="lists"><header></header><code></code><inputs><input type="%l"></input><input type="%predRing"></input></inputs><script><block s="doIf"><block s="reportEquals"><block var="list"/><block s="reportNewList"><list></list></block></block><script><custom-block s="error %s"><l>item not found in list</l></custom-block></script></block><block s="doIf"><block s="evaluate"><block var="test"/><list><block s="reportListItem"><l>1</l><block var="list"/></block></list></block><script><block s="doReport"><block s="reportListItem"><l>1</l><block var="list"/></block></block></script></block><block s="doReport"><custom-block s="find first in %l such that %predRing"><block s="reportCDR"><block var="list"/></block><block var="test"/></custom-block></block></script></block-definition><block-definition s="error %&apos;msg&apos;" type="command" category="control"><header></header><code></code><inputs><input type="%s"></input></inputs><script><block s="doRun"><block s="reportJSFunction"><list><l>msg</l></list><l>throw new Error(msg)</l></block><list><block var="msg"/></list></block></script></block-definition><block-definition s="glide %&apos;steps&apos; in %&apos;duration&apos; secs easing %&apos;easing&apos;" type="command" category="motion"><header></header><code></code><inputs><input type="%n">50</input><input type="%n">1</input><input type="%s" readonly="true">linear<options>linear
quadratic={
quadratic-in
quadratic-out
quadratic-in-out
}
cubic={
cubic-in
cubic-out
cubic-in-out
}
quart={
quart-in
quart-out
quart-in-out
}
sinusoidal={
sine-in
sine-out
sine-in-out
}
elastic</options></input></inputs><script><block s="doDeclareVariables"><list><l>destX</l><l>destY</l><l>end time</l><l>deltaX</l><l>deltaY</l><l>func</l></list></block><block s="forward"><block var="steps"/></block><block s="doSetVar"><l>destX</l><block s="xPosition"></block></block><block s="doSetVar"><l>destY</l><block s="yPosition"></block></block><block s="forward"><block s="reportProduct"><block var="steps"/><l>-1</l></block></block><block s="doSetVar"><l>end time</l><block s="reportSum"><block s="reportDate"><l><option>time in milliseconds</option></l></block><block s="reportProduct"><block var="duration"/><l>1000</l></block></block></block><block s="doSetVar"><l>deltaX</l><block s="reportDifference"><block var="destX"/><block s="xPosition"></block></block></block><block s="doSetVar"><l>deltaY</l><block s="reportDifference"><block var="destY"/><block s="yPosition"></block></block></block><block s="doIfElse"><block s="reportIsA"><block var="easing"/><l><option>reporter</option></l></block><script><block s="doSetVar"><l>func</l><block var="easing"/></block></script><script><block s="doSetVar"><l>func</l><custom-block s="easing %txt"><block var="easing"/></custom-block></block></script></block><block s="doUntil"><block s="reportGreaterThan"><block s="reportDate"><l><option>time in milliseconds</option></l></block><block var="end time"/></block><script><block s="setXPosition"><block s="reportDifference"><block var="destX"/><block s="reportProduct"><block var="deltaX"/><block s="evaluate"><block var="func"/><list><block s="reportQuotient"><block s="reportDifference"><block var="end time"/><block s="reportDate"><l><option>time in milliseconds</option></l></block></block><block s="reportProduct"><block var="duration"/><l>1000</l></block></block></list></block></block></block></block><block s="setYPosition"><block s="reportDifference"><block var="destY"/><block s="reportProduct"><block var="deltaY"/><block s="evaluate"><block var="func"/><list><block s="reportQuotient"><block s="reportDifference"><block var="end time"/><block s="reportDate"><l><option>time in milliseconds</option></l></block></block><block s="reportProduct"><block var="duration"/><l>1000</l></block></block></list></block></block></block></block></script></block><block s="gotoXY"><block var="destX"/><block var="destY"/></block></script></block-definition><block-definition s="animate %&apos;attribute&apos; by %&apos;delta&apos; in %&apos;duration&apos; secs easing %&apos;easing&apos;" type="command" category="motion"><header></header><code></code><inputs><input type="%s" readonly="true">x position<options>x position
y position
direction
size</options></input><input type="%n">50</input><input type="%n">1</input><input type="%s" readonly="true">linear<options>linear
quadratic={
quadratic-in
quadratic-out
quadratic-in-out
}
cubic={
cubic-in
cubic-out
cubic-in-out
}
quart={
quart-in
quart-out
quart-in-out
}
sinusoidal={
sine-in
sine-out
sine-in-out
}
elastic</options></input></inputs><script><block s="doDeclareVariables"><list><l>setter</l><l>getter</l><l>func</l></list></block><block s="doIfElse"><block s="reportEquals"><block var="attribute"/><l>x position</l></block><script><block s="doSetVar"><l>setter</l><block s="reifyScript"><script><block s="setXPosition"><l></l></block></script><list></list></block></block><block s="doSetVar"><l>getter</l><block s="reifyReporter"><autolambda><block s="xPosition"></block></autolambda><list></list></block></block></script><script><block s="doIfElse"><block s="reportEquals"><block var="attribute"/><l>y position</l></block><script><block s="doSetVar"><l>setter</l><block s="reifyScript"><script><block s="setYPosition"><l></l></block></script><list></list></block></block><block s="doSetVar"><l>getter</l><block s="reifyReporter"><autolambda><block s="yPosition"></block></autolambda><list></list></block></block></script><script><block s="doIfElse"><block s="reportEquals"><block var="attribute"/><l>direction</l></block><script><block s="doSetVar"><l>setter</l><block s="reifyScript"><script><block s="setHeading"><l></l></block></script><list></list></block></block><block s="doSetVar"><l>getter</l><block s="reifyReporter"><autolambda><block s="direction"></block></autolambda><list></list></block></block></script><script><block s="doIfElse"><block s="reportEquals"><block var="attribute"/><l>size</l></block><script><block s="doSetVar"><l>setter</l><block s="reifyScript"><script><block s="setScale"><l></l></block></script><list></list></block></block><block s="doSetVar"><l>getter</l><block s="reifyReporter"><autolambda><block s="getScale"></block></autolambda><list></list></block></block></script><script><custom-block s="error %s"><block s="reportJoinWords"><list><l>unknown attribute "</l><block var="attribute"/><l>"</l></list></block></custom-block></script></block></script></block></script></block></script></block><block s="doIfElse"><block s="reportIsA"><block var="easing"/><l><option>reporter</option></l></block><script><block s="doSetVar"><l>func</l><block var="easing"/></block></script><script><block s="doSetVar"><l>func</l><custom-block s="easing %txt"><block var="easing"/></custom-block></block></script></block><custom-block s="animate setter %cmdRing getter %repRing delta %n over %n secs easing %repRing"><block var="setter"/><block var="getter"/><block var="delta"/><block var="duration"/><block var="func"/></custom-block></script></block-definition><block-definition s="easing %&apos;choice&apos;" type="reporter" category="operators"><header></header><code></code><inputs><input type="%txt" readonly="true">linear<options>linear
quadratic={
quadratic-in
quadratic-out
quadratic-in-out
}
cubic={
cubic-in
cubic-out
cubic-in-out
}
quart={
quart-in
quart-out
quart-in-out
}
sinusoidal={
sine-in
sine-out
sine-in-out
}
elastic</options></input></inputs><script><block s="doIf"><block s="reportEquals"><block var="choice"/><l>linear</l></block><script><block s="doReport"><block s="reifyReporter"><autolambda><custom-block s="id %n"><l></l></custom-block></autolambda><list></list></block></block></script></block><block s="doIf"><block s="reportEquals"><block var="choice"/><l>quadratic-in</l></block><script><block s="doReport"><block s="reifyReporter"><autolambda><block s="reportProduct"><l></l><l></l></block></autolambda><list></list></block></block></script></block><block s="doIf"><block s="reportEquals"><block var="choice"/><l>quadratic-out</l></block><script><block s="doReport"><block s="reifyReporter"><autolambda><block s="reportProduct"><l></l><block s="reportDifference"><l>2</l><l></l></block></block></autolambda><list></list></block></block></script></block><block s="doIf"><block s="reportEquals"><block var="choice"/><l>quadratic-in-out</l></block><script><block s="doReport"><block s="reifyReporter"><autolambda><custom-block s="if %b then %anyUE else %anyUE"><block s="reportLessThan"><l></l><l>.5</l></block><block s="reportProduct"><l>2</l><block s="reportProduct"><l></l><l></l></block></block><block s="reportDifference"><block s="reportProduct"><block s="reportDifference"><l>4</l><block s="reportProduct"><l>2</l><l></l></block></block><l></l></block><l>1</l></block></custom-block></autolambda><list></list></block></block></script></block><block s="doIf"><block s="reportEquals"><block var="choice"/><l>cubic-in</l></block><script><block s="doReport"><block s="reifyReporter"><autolambda><block s="reportProduct"><l></l><block s="reportProduct"><l></l><l></l></block></block></autolambda><list></list></block></block></script></block><block s="doIf"><block s="reportEquals"><block var="choice"/><l>cubic-out</l></block><script><block s="doReport"><block s="reifyReporter"><autolambda><block s="reportSum"><block s="reportProduct"><block s="reportProduct"><custom-block s="-- %anyUE"><block var="t"/></custom-block><block var="t"/></block><block var="t"/></block><l>1</l></block></autolambda><list><l>t</l></list></block></block></script></block><block s="doIf"><block s="reportEquals"><block var="choice"/><l>cubic-in-out</l></block><script><block s="doReport"><block s="reifyReporter"><autolambda><custom-block s="if %b then %anyUE else %anyUE"><block s="reportLessThan"><l></l><l>.5</l></block><block s="reportProduct"><l>4</l><block s="reportProduct"><l></l><block s="reportProduct"><l></l><l></l></block></block></block><block s="reportSum"><block s="reportProduct"><block s="reportProduct"><block s="reportDifference"><l></l><l>1</l></block><block s="reportDifference"><block s="reportProduct"><l>2</l><l></l></block><l>2</l></block></block><block s="reportDifference"><block s="reportProduct"><l>2</l><l></l></block><l>2</l></block></block><l>1</l></block></custom-block></autolambda><list></list></block></block></script></block><block s="doIf"><block s="reportEquals"><block var="choice"/><l>quart-in</l></block><script><block s="doReport"><block s="reifyReporter"><autolambda><block s="reportProduct"><l></l><block s="reportProduct"><l></l><block s="reportProduct"><l></l><l></l></block></block></block></autolambda><list></list></block></block></script></block><block s="doIf"><block s="reportEquals"><block var="choice"/><l>quart-out</l></block><script><block s="doReport"><block s="reifyReporter"><autolambda><block s="reportDifference"><l>1</l><block s="reportProduct"><custom-block s="-- %anyUE"><block var="t"/></custom-block><block s="reportProduct"><block var="t"/><block s="reportProduct"><block var="t"/><block var="t"/></block></block></block></block></autolambda><list><l>t</l></list></block></block></script></block><block s="doIf"><block s="reportEquals"><block var="choice"/><l>quart-in-out</l></block><script><block s="doReport"><block s="reifyReporter"><autolambda><custom-block s="if %b then %anyUE else %anyUE"><block s="reportLessThan"><l></l><l>.5</l></block><block s="reportProduct"><l>8</l><block s="reportProduct"><l></l><block s="reportProduct"><l></l><block s="reportProduct"><l></l><l></l></block></block></block></block><block s="evaluate"><block s="reifyReporter"><autolambda><block s="reportDifference"><l>1</l><block s="reportProduct"><l>8</l><block s="reportProduct"><custom-block s="-- %anyUE"><block var="t"/></custom-block><block s="reportProduct"><block var="t"/><block s="reportProduct"><block var="t"/><block var="t"/></block></block></block></block></block></autolambda><list><l>t</l></list></block><list><l></l></list></block></custom-block></autolambda><list></list></block></block></script></block><block s="doIf"><block s="reportEquals"><block var="choice"/><l>sine-in</l></block><script><block s="doReport"><block s="reifyReporter"><autolambda><block s="reportDifference"><l>1</l><block s="reportMonadic"><l><option>sin</option></l><block s="reportSum"><l>90</l><block s="reportProduct"><l></l><l>90</l></block></block></block></block></autolambda><list></list></block></block></script></block><block s="doIf"><block s="reportEquals"><block var="choice"/><l>sine-out</l></block><script><block s="doReport"><block s="reifyReporter"><autolambda><block s="reportMonadic"><l><option>sin</option></l><block s="reportProduct"><l></l><l>90</l></block></block></autolambda><list></list></block></block></script></block><block s="doIf"><block s="reportEquals"><block var="choice"/><l>sine-in-out</l></block><script><block s="doReport"><block s="reifyReporter"><autolambda><block s="reportDifference"><l>1</l><block s="reportMonadic"><l><option>cos</option></l><block s="reportProduct"><l></l><l>90</l></block></block></block></autolambda><list></list></block></block></script></block><block s="doIf"><block s="reportEquals"><block var="choice"/><l>elastic</l></block><script><block s="doReport"><block s="reifyScript"><script><block s="doDeclareVariables"><list><l>p</l></list></block><block s="doSetVar"><l>p</l><l>0.3</l></block><block s="doReport"><block s="reportSum"><block s="reportProduct"><custom-block s="%n raised to %n"><l>2</l><block s="reportProduct"><l>-10</l><l></l></block></custom-block><block s="reportMonadic"><l><option>sin</option></l><custom-block s="degrees %n"><block s="reportProduct"><block s="reportDifference"><l></l><block s="reportQuotient"><block var="p"/><l>4</l></block></block><block s="reportQuotient"><block s="reportProduct"><l>2</l><custom-block s="PI"></custom-block></block><block var="p"/></block></block></custom-block></block></block><l>1</l></block></block></script><list></list></block></block></script></block><custom-block s="error %s"><block s="reportJoinWords"><list><l>unknown easing function "</l><block var="choice"/><l>"</l></list></block></custom-block></script></block-definition></blocks>