<blocks app="Snap! 4.1, http://snap.berkeley.edu" version="1"><block-definition s="$flash map %&apos;fn&apos; over %&apos;data&apos;" type="reporter" category="lists"><header></header><code></code><translations></translations><inputs><input type="%repRing"></input><input type="%l"></input></inputs><script><block s="doReport"><block s="evaluate"><block s="reportJSFunction"><list><l>fn</l><l>data</l><l>proc</l></list><l>return proc.reportAtomicMap(fn, data);</l></block><list><block var="fn"/><block var="data"/></list></block></block></script></block-definition><block-definition s="$flash keep %&apos;test&apos; from %&apos;data&apos;" type="reporter" category="lists"><header></header><code></code><translations></translations><inputs><input type="%predRing"></input><input type="%l"></input></inputs><script><block s="doReport"><block s="evaluate"><block s="reportJSFunction"><list><l>fn</l><l>data</l><l>proc</l></list><l>return proc.reportAtomicKeep(fn, data);</l></block><list><block var="test"/><block var="data"/></list></block></block></script></block-definition><block-definition s="$flash combine %&apos;fn&apos; with %&apos;data&apos;" type="reporter" category="lists"><header></header><code></code><translations></translations><inputs><input type="%repRing"></input><input type="%l"></input></inputs><script><block s="doReport"><block s="evaluate"><block s="reportJSFunction"><list><l>fn</l><l>data</l><l>proc</l></list><l>return proc.reportAtomicCombine(fn, data);</l></block><list><block var="fn"/><block var="data"/></list></block></block></script></block-definition><block-definition s="$flash sort %&apos;data&apos; by %&apos;fn&apos;" type="reporter" category="lists"><header></header><code></code><translations></translations><inputs><input type="%l"></input><input type="%predRing"></input></inputs><script><block s="doReport"><block s="evaluate"><block s="reportJSFunction"><list><l>data</l><l>fn</l><l>proc</l></list><l>return proc.reportAtomicSort(data, fn);</l></block><list><block var="data"/><block var="fn"/></list></block></block></script></block-definition><block-definition s="$flash reverse %&apos;list&apos;" type="reporter" category="lists"><header></header><code></code><translations></translations><inputs><input type="%l"></input></inputs><script><block s="doReport"><block s="evaluate"><block s="reportJSFunction"><list><l>list</l></list><l>return new List(list.asArray().slice().reverse());</l></block><list><block var="list"/></list></block></block></script></block-definition></blocks>